date,pct_up,pedestrian,bike,car,lorry,pedestrian_lft,bike_lft,car_lft,lorry_lft,pedestrian_rgt,bike_rgt,car_rgt,lorry_rgt
2021-04-19T10:00:00.000Z,0.616388888888889,14.6011716989635,128.16584046868,1385.48895899055,0.0,6.48940964398378,64.8940964398378,713.835060838223,0.0,8.11176205497972,63.2717440288418,671.653898152328,0.0
2021-04-19T11:00:00.000Z,0.407222222222222,9.82264665757162,127.694406548431,974.89768076398,0.0,2.45566166439291,76.1255115961801,562.346521145973,0.0,7.36698499317872,51.568894952251,412.551159618007,0.0
2021-04-19T12:00:00.000Z,0.572777777777778,27.9340446168768,150.145489815713,474.878758486906,647.720659553832,3.4917555771096,92.5315227934045,298.545101842871,350.921435499516,24.4422890397672,57.6139670223084,176.333656644035,296.799224054316
2021-04-19T13:00:00.000Z,0.604166666666667,6.62068965517241,147.310344827586,645.51724137931,537.931034482759,1.6551724137931,86.0689655172415,359.172413793103,230.068965517242,4.96551724137931,61.2413793103448,286.344827586207,307.862068965517
2021-04-19T14:00:00.000Z,0.622222222222222,8.03571428571428,139.821428571429,642.857142857142,364.821428571429,3.21428571428571,90.0,348.749999999999,131.785714285714,4.82142857142857,49.8214285714285,294.107142857143,233.035714285715
2021-04-19T15:00:00.000Z,0.557222222222222,14.3569292123629,186.640079760718,1066.00199401795,319.441674975075,8.97308075772682,80.7577268195414,574.277168494518,113.060817547358,5.38384845463609,105.882352941177,491.724825523431,206.380857427717
2021-04-19T16:00:00.000Z,0.594722222222222,25.2218589444185,80.7099486221391,417.001401214385,717.982251284449,5.0443717888837,52.1251751517982,195.049042503503,290.892106492294,20.1774871555348,28.5847734703409,221.952358710883,427.090144792156
2021-04-19T17:00:00.000Z,0.459444444444444,34.8246674727932,63.1197097944377,500.604594921404,689.963724304718,6.52962515114873,41.354292623942,252.478839177751,317.775090689239,28.2950423216445,21.7654171704958,248.125755743652,372.188633615479
2021-04-19T18:00:00.000Z,0.0,0.0,0.0,0.0,0.0,0.0,0.0,0.0,0.0,0.0,0.0,0.0,0.0
2021-04-19T19:00:00.000Z,0.0,0.0,0.0,0.0,0.0,0.0,0.0,0.0,0.0,0.0,0.0,0.0,0.0
2021-04-19T20:00:00.000Z,0.0,0.0,0.0,0.0,0.0,0.0,0.0,0.0,0.0,0.0,0.0,0.0,0.0
2021-04-19T21:00:00.000Z,0.0,0.0,0.0,0.0,0.0,0.0,0.0,0.0,0.0,0.0,0.0,0.0,0.0
2021-04-19T22:00:00.000Z,0.0,0.0,0.0,0.0,0.0,0.0,0.0,0.0,0.0,0.0,0.0,0.0,0.0
2021-04-19T23:00:00.000Z,0.0,0.0,0.0,0.0,0.0,0.0,0.0,0.0,0.0,0.0,0.0,0.0,0.0
2021-04-20T00:00:00.000Z,0.0,0.0,0.0,0.0,0.0,0.0,0.0,0.0,0.0,0.0,0.0,0.0,0.0
2021-04-20T01:00:00.000Z,0.0,0.0,0.0,0.0,0.0,0.0,0.0,0.0,0.0,0.0,0.0,0.0,0.0
2021-04-20T02:00:00.000Z,0.0,0.0,0.0,0.0,0.0,0.0,0.0,0.0,0.0,0.0,0.0,0.0,0.0
2021-04-20T03:00:00.000Z,0.0,0.0,0.0,0.0,0.0,0.0,0.0,0.0,0.0,0.0,0.0,0.0,0.0
2021-04-20T04:00:00.000Z,0.458611111111111,10.9024833434282,106.844336765597,955.057540884314,276.923076923077,8.72198667474258,98.122350090854,671.59297395518,137.371290127196,2.18049666868564,8.72198667474258,283.464566929133,139.551786795881
2021-04-20T05:00:00.000Z,0.746388888888889,6.69892072943803,144.696687755862,763.676963155941,470.264235206552,5.35913658355043,132.638630442873,574.767398585788,245.180498697433,1.33978414588761,12.0580573129885,188.909564570153,225.083736509119
2021-04-20T06:00:00.000Z,0.74,9.45945945945946,114.864864864865,772.972972972975,420.270270270271,4.05405405405405,91.891891891892,560.810810810812,202.702702702703,5.40540540540541,22.972972972973,212.162162162163,217.567567567568
2021-04-20T07:00:00.000Z,0.596944444444444,8.37598883201489,147.417403443462,939.78594695207,397.021870637506,3.35039553280596,105.537459283388,601.395998138669,179.246161005119,5.02559329920893,41.8799441600745,338.389948813401,217.775709632388
2021-04-20T08:00:00.000Z,0.528333333333333,18.9274447949527,217.665615141956,961.514195583594,280.126182965299,13.2492113564669,153.312302839117,541.324921135646,107.88643533123,5.6782334384858,64.3533123028391,420.189274447949,172.239747634069
2021-04-20T09:00:00.000Z,0.625277777777778,12.7943136383829,179.120390937361,886.006219458014,359.84007107952,11.1950244335851,107.152376721457,495.779653487336,167.925366503776,1.59928920479787,71.9680142159041,390.226565970678,191.914704575744
2021-04-20T10:00:00.000Z,0.724444444444444,11.0429447852761,102.147239263804,1079.44785276074,336.809815950921,5.52147239263804,49.6932515337423,592.17791411043,95.2453987730061,5.52147239263804,52.4539877300613,487.26993865031,241.564417177915
2021-04-20T11:00:00.000Z,0.493888888888889,26.3217097862767,111.361079865017,832.17097862767,315.86051743532,18.22272215973,70.8661417322835,469.741282339706,109.33633295838,8.09898762654668,40.4949381327334,362.429696287963,206.52418447694
2021-04-20T12:00:00.000Z,0.426944444444444,30.4489264801561,163.955757970071,798.698763825633,407.547169811321,18.7378009108653,91.3467794404684,384.124918672739,180.351333767079,11.7111255692908,72.6089785296031,414.573845152895,227.195836044242
2021-04-20T13:00:00.000Z,0.716944444444444,2.78961642774119,119.953506392871,309.647423479271,490.972491282448,0.0,55.7923285548237,171.561410306083,238.512204571871,2.78961642774119,64.1611778380472,138.086013173188,252.460286710577
2021-04-20T14:00:00.000Z,0.696666666666667,17.2248803827751,182.296650717703,129.186602870813,644.497607655503,1.43540669856459,104.784688995215,48.8038277511961,298.564593301436,15.7894736842105,77.511961722488,80.3827751196172,345.933014354067
2021-04-20T15:00:00.000Z,0.695833333333333,43.1137724550898,196.88622754491,639.520958083833,753.053892215568,8.62275449101796,116.407185628742,319.041916167665,392.335329341317,34.4910179640719,80.4790419161676,320.479041916168,360.718562874251
2021-04-20T16:00:00.000Z,0.718888888888889,45.904173106646,175.270479134467,894.435857805258,510.510046367852,20.8655332302937,82.0710973724885,489.64451313756,164.142194744977,25.0386398763524,93.1993817619785,404.791344667698,346.367851622875
2021-04-20T17:00:00.000Z,0.733055555555556,16.3698370594922,148.692686623721,853.959833270177,341.038272072756,8.18491852974612,69.571807502842,485.638499431602,113.224706328155,8.18491852974612,79.1208791208791,368.321333838575,227.813565744601
2021-04-20T18:00:00.000Z,0.0175,0.0,0.0,914.285714285714,228.571428571429,0.0,0.0,514.285714285714,0.0,0.0,0.0,400.0,228.571428571429
2021-04-20T19:00:00.000Z,0.0,0.0,0.0,0.0,0.0,0.0,0.0,0.0,0.0,0.0,0.0,0.0,0.0
2021-04-20T20:00:00.000Z,0.0,0.0,0.0,0.0,0.0,0.0,0.0,0.0,0.0,0.0,0.0,0.0,0.0
2021-04-20T21:00:00.000Z,0.0,0.0,0.0,0.0,0.0,0.0,0.0,0.0,0.0,0.0,0.0,0.0,0.0
2021-04-21T12:00:00.000Z,0.241388888888889,24.8561565017261,202.991944764097,724.971231300345,360.414269275029,8.28538550057537,115.995397008055,368.699654775604,149.136939010357,16.5707710011507,86.9965477560415,356.271576524741,211.277330264672
2021-04-21T13:00:00.000Z,0.711388888888889,4.21710269426005,165.872705974229,361.265130808277,414.681764935571,4.21710269426005,112.456071846935,227.723545490042,198.203826630222,0.0,53.416634127294,133.541585318235,216.477938305349
2021-04-21T14:00:00.000Z,0.721111111111111,9.70724191063174,141.448382126348,267.642526964561,402.15716486903,8.32049306625578,95.6856702619414,174.730354391371,208.012326656395,1.38674884437596,45.7627118644068,92.9121725731895,194.144838212635
2021-04-21T15:00:00.000Z,0.6975,12.9032258064516,210.752688172043,808.602150537637,477.419354838709,2.8673835125448,129.032258064516,453.046594982081,179.21146953405,10.0358422939068,81.7204301075268,355.555555555556,298.207885304659
2021-04-21T16:00:00.000Z,0.718611111111111,23.6567452647855,243.525318902204,1056.20409741013,404.947816003092,11.1325860069579,125.241592578276,580.28604561268,162.814070351759,12.5241592578276,118.283726323928,475.918051797447,242.133745651333
2021-04-21T17:00:00.000Z,0.55,10.9090909090909,174.545454545454,901.81818181818,292.727272727272,7.27272727272727,65.4545454545455,483.636363636362,99.9999999999999,3.63636363636364,109.090909090909,418.181818181817,192.727272727272
2021-04-22T05:00:00.000Z,0.035,28.5714285714286,0.0,28.5714285714286,685.714285714285,0.0,0.0,28.5714285714286,485.714285714285,28.5714285714286,0.0,0.0,200.0
2021-04-22T06:00:00.000Z,0.603055555555556,0.0,121.050207277752,383.049286043297,681.529249193921,0.0,99.4933210502071,242.100414555504,434.454168585907,0.0,21.5568862275449,140.948871487793,247.075080608014
2021-04-22T07:00:00.000Z,0.555555555555556,0.0,81.0,594.000000000002,369.0,0.0,64.8,426.600000000002,217.8,0.0,16.2,167.4,151.2
2021-04-22T08:00:00.000Z,0.605277777777778,3.30426801284993,104.084442404773,781.459385039006,424.598439651216,3.30426801284993,59.4768242312988,490.683799908212,186.691142726021,0.0,44.6076181734741,290.775585130794,237.907296925195
2021-04-22T09:00:00.000Z,0.546666666666667,5.48780487804878,171.951219512195,965.853658536584,455.48780487805,1.82926829268293,120.731707317073,521.341463414633,192.073170731708,3.65853658536585,51.2195121951219,444.512195121951,263.414634146342
2021-04-22T10:00:00.000Z,0.608888888888889,8.21167883211679,136.313868613139,1074.08759124087,313.686131386861,6.56934306569343,67.3357664233577,638.868613138682,147.810218978102,1.64233576642336,68.978102189781,435.218978102187,165.875912408759
2021-04-22T11:00:00.000Z,0.5675,8.81057268722467,133.920704845815,1275.77092511013,370.044052863437,5.2863436123348,56.3876651982379,622.026431718062,123.348017621145,3.52422907488987,77.5330396475771,653.744493392072,246.696035242291
2021-04-22T12:00:00.000Z,0.503055555555556,1.98785201546107,111.31971286582,991.938155715068,483.048039757039,0.0,41.7448923246825,544.67145223633,115.295416896742,1.98785201546107,69.5748205411375,447.266703478739,367.752622860297
2021-04-22T13:00:00.000Z,0.536388888888889,1.86431900569653,82.0300362506473,727.084412221647,445.572242361471,0.0,50.3366131538063,426.929052304505,164.060072501295,1.86431900569653,31.693423096841,300.155359917141,281.512169860176
2021-04-22T14:00:00.000Z,0.55,5.45454545454545,34.5454545454545,90.9090909090909,665.454545454544,0.0,29.0909090909091,49.0909090909091,392.727272727272,5.45454545454545,5.45454545454545,41.8181818181818,272.727272727272
2021-04-22T15:00:00.000Z,0.565277777777778,1.76904176904177,45.995085995086,764.226044226046,275.970515970516,0.0,26.5356265356265,433.415233415235,164.520884520884,1.76904176904177,19.4594594594595,330.810810810811,111.449631449631
2021-04-22T16:00:00.000Z,0.585,8.54700854700855,140.17094017094,1174.35897435898,317.948717948717,0.0,92.3076923076922,634.188034188039,112.820512820513,8.54700854700855,47.8632478632479,540.170940170943,205.128205128205
2021-04-22T17:00:00.000Z,0.505277777777778,7.91643760307861,98.9554700384827,1029.13688840021,263.221550302364,3.95821880153931,41.5612974161627,518.526663001647,81.1434854315558,3.95821880153931,57.3941726223199,510.610225398568,182.078064870808
2021-04-22T18:00:00.000Z,0.0,0.0,0.0,0.0,0.0,0.0,0.0,0.0,0.0,0.0,0.0,0.0,0.0
2021-04-22T19:00:00.000Z,0.0,0.0,0.0,0.0,0.0,0.0,0.0,0.0,0.0,0.0,0.0,0.0,0.0
2021-04-22T20:00:00.000Z,0.0,0.0,0.0,0.0,0.0,0.0,0.0,0.0,0.0,0.0,0.0,0.0,0.0
2021-04-22T21:00:00.000Z,0.0,0.0,0.0,0.0,0.0,0.0,0.0,0.0,0.0,0.0,0.0,0.0,0.0
2021-04-22T22:00:00.000Z,0.0,0.0,0.0,0.0,0.0,0.0,0.0,0.0,0.0,0.0,0.0,0.0,0.0
2021-04-22T23:00:00.000Z,0.0,0.0,0.0,0.0,0.0,0.0,0.0,0.0,0.0,0.0,0.0,0.0,0.0
2021-04-23T00:00:00.000Z,0.0,0.0,0.0,0.0,0.0,0.0,0.0,0.0,0.0,0.0,0.0,0.0,0.0
2021-04-23T01:00:00.000Z,0.0,0.0,0.0,0.0,0.0,0.0,0.0,0.0,0.0,0.0,0.0,0.0,0.0
2021-04-23T02:00:00.000Z,0.0,0.0,0.0,0.0,0.0,0.0,0.0,0.0,0.0,0.0,0.0,0.0,0.0
2021-04-23T03:00:00.000Z,0.0,0.0,0.0,0.0,0.0,0.0,0.0,0.0,0.0,0.0,0.0,0.0,0.0
2021-04-23T04:00:00.000Z,0.0,0.0,0.0,0.0,0.0,0.0,0.0,0.0,0.0,0.0,0.0,0.0,0.0
2021-04-23T05:00:00.000Z,0.454444444444444,2.20048899755501,136.430317848411,891.198044009776,468.704156479216,0.0,123.227383863081,649.144254278725,253.056234718826,2.20048899755501,13.2029339853301,242.053789731051,215.647921760391
2021-04-23T06:00:00.000Z,0.561944444444444,0.0,142.362827483935,373.702422145329,553.435491843796,0.0,121.008403361345,290.064260998517,375.481957488878,0.0,21.3544241225902,83.6381611468117,177.953534354918
2021-04-23T07:00:00.000Z,0.6125,0.0,122.448979591837,662.857142857146,515.918367346939,0.0,91.4285714285713,475.10204081633,285.714285714286,0.0,31.0204081632653,187.755102040816,230.204081632653
2021-04-23T08:00:00.000Z,0.601388888888889,1.66281755196305,177.921478060046,701.709006928406,385.773672055428,0.0,93.1177829099307,425.681293302539,169.607390300231,1.66281755196305,84.8036951501155,276.027713625867,216.166281755197
2021-04-23T09:00:00.000Z,0.208333333333333,0.0,177.6,657.600000000001,408.0,0.0,81.6,451.200000000001,211.2,0.0,96.0,206.4,196.8
2021-05-03T05:00:00.000Z,0.180277777777778,0.0,0.0,0.0,0.0,0.0,0.0,0.0,0.0,0.0,0.0,0.0,0.0
2021-05-03T06:00:00.000Z,0.700555555555556,0.0,1.4274385408406,0.0,0.0,0.0,1.4274385408406,0.0,0.0,0.0,0.0,0.0,0.0
2021-05-03T07:00:00.000Z,0.560277777777778,0.0,0.0,0.0,0.0,0.0,0.0,0.0,0.0,0.0,0.0,0.0,0.0
2021-05-03T08:00:00.000Z,0.521111111111111,0.0,3.83795309168444,0.0,0.0,0.0,3.83795309168444,0.0,0.0,0.0,0.0,0.0,0.0
2021-05-03T09:00:00.000Z,0.418611111111111,0.0,4.77770404777704,0.0,0.0,0.0,2.38885202388852,0.0,0.0,0.0,2.38885202388852,0.0,0.0
2021-05-03T10:00:00.000Z,0.665555555555556,0.0,3.00500834724541,0.0,1.5025041736227,0.0,0.0,0.0,1.5025041736227,0.0,3.00500834724541,0.0,0.0
2021-05-03T11:00:00.000Z,0.609444444444444,0.0,4.92251595259799,1.640838650866,0.0,0.0,4.92251595259799,1.640838650866,0.0,0.0,0.0,0.0,0.0
2021-05-03T12:00:00.000Z,0.466944444444444,2.14158239143367,19.274241522903,0.0,4.28316478286734,2.14158239143367,12.849494348602,0.0,2.14158239143367,0.0,6.42474717430101,0.0,2.14158239143367
2021-05-03T13:00:00.000Z,0.255277777777778,0.0,0.0,0.0,0.0,0.0,0.0,0.0,0.0,0.0,0.0,0.0,0.0
2021-05-03T14:00:00.000Z,0.500555555555556,3.99556048834628,61.9311875693674,515.427302996671,31.9644839067703,3.99556048834628,59.9334073251943,447.502774694784,11.9866814650388,0.0,1.99778024417314,67.9245283018868,19.9778024417314
2021-05-03T15:00:00.000Z,0.128055555555556,0.0,93.709327548807,226.46420824295,15.6182212581345,0.0,93.709327548807,226.46420824295,0.0,0.0,0.0,0.0,15.6182212581345
2021-05-03T16:00:00.000Z,0.0,0.0,0.0,0.0,0.0,0.0,0.0,0.0,0.0,0.0,0.0,0.0,0.0
2021-05-03T17:00:00.000Z,0.0,0.0,0.0,0.0,0.0,0.0,0.0,0.0,0.0,0.0,0.0,0.0,0.0
2021-05-03T18:00:00.000Z,0.0,0.0,0.0,0.0,0.0,0.0,0.0,0.0,0.0,0.0,0.0,0.0,0.0
2021-05-03T19:00:00.000Z,0.0,0.0,0.0,0.0,0.0,0.0,0.0,0.0,0.0,0.0,0.0,0.0,0.0
2021-05-03T20:00:00.000Z,0.0,0.0,0.0,0.0,0.0,0.0,0.0,0.0,0.0,0.0,0.0,0.0,0.0
2021-05-03T21:00:00.000Z,0.0,0.0,0.0,0.0,0.0,0.0,0.0,0.0,0.0,0.0,0.0,0.0,0.0
2021-05-03T22:00:00.000Z,0.0,0.0,0.0,0.0,0.0,0.0,0.0,0.0,0.0,0.0,0.0,0.0,0.0
2021-05-03T23:00:00.000Z,0.0,0.0,0.0,0.0,0.0,0.0,0.0,0.0,0.0,0.0,0.0,0.0,0.0
2021-05-04T00:00:00.000Z,0.0,0.0,0.0,0.0,0.0,0.0,0.0,0.0,0.0,0.0,0.0,0.0,0.0
2021-05-04T01:00:00.000Z,0.0,0.0,0.0,0.0,0.0,0.0,0.0,0.0,0.0,0.0,0.0,0.0,0.0
2021-05-04T02:00:00.000Z,0.0,0.0,0.0,0.0,0.0,0.0,0.0,0.0,0.0,0.0,0.0,0.0,0.0
2021-05-04T03:00:00.000Z,0.0,0.0,0.0,0.0,0.0,0.0,0.0,0.0,0.0,0.0,0.0,0.0,0.0
2021-05-04T04:00:00.000Z,0.520555555555556,0.0,0.0,0.0,0.0,0.0,0.0,0.0,0.0,0.0,0.0,0.0,0.0
2021-05-04T05:00:00.000Z,0.751388888888889,0.0,0.0,0.0,0.0,0.0,0.0,0.0,0.0,0.0,0.0,0.0,0.0
2021-05-04T06:00:00.000Z,0.766111111111111,0.0,0.0,0.0,0.0,0.0,0.0,0.0,0.0,0.0,0.0,0.0,0.0
2021-05-04T07:00:00.000Z,0.510277777777778,0.0,0.0,1.95971692977681,0.0,0.0,0.0,0.0,0.0,0.0,0.0,1.95971692977681,0.0
2021-05-04T08:00:00.000Z,0.775,0.0,0.0,0.0,0.0,0.0,0.0,0.0,0.0,0.0,0.0,0.0,0.0
2021-05-04T09:00:00.000Z,0.767777777777778,0.0,0.0,0.0,0.0,0.0,0.0,0.0,0.0,0.0,0.0,0.0,0.0
2021-05-04T10:00:00.000Z,0.775,0.0,0.0,0.0,0.0,0.0,0.0,0.0,0.0,0.0,0.0,0.0,0.0
2021-05-04T11:00:00.000Z,0.7675,0.0,0.0,0.0,0.0,0.0,0.0,0.0,0.0,0.0,0.0,0.0,0.0
2021-05-04T12:00:00.000Z,0.766388888888889,0.0,0.0,0.0,0.0,0.0,0.0,0.0,0.0,0.0,0.0,0.0,0.0
2021-05-04T13:00:00.000Z,0.766388888888889,0.0,0.0,0.0,0.0,0.0,0.0,0.0,0.0,0.0,0.0,0.0,0.0
2021-05-04T14:00:00.000Z,0.748888888888889,0.0,0.0,0.0,0.0,0.0,0.0,0.0,0.0,0.0,0.0,0.0,0.0
2021-05-04T15:00:00.000Z,0.761666666666667,0.0,0.0,0.0,0.0,0.0,0.0,0.0,0.0,0.0,0.0,0.0,0.0
2021-05-04T16:00:00.000Z,0.760277777777778,0.0,0.0,0.0,0.0,0.0,0.0,0.0,0.0,0.0,0.0,0.0,0.0
2021-05-04T17:00:00.000Z,0.651388888888889,0.0,0.0,0.0,0.0,0.0,0.0,0.0,0.0,0.0,0.0,0.0,0.0
2021-05-04T18:00:00.000Z,0.0,0.0,0.0,0.0,0.0,0.0,0.0,0.0,0.0,0.0,0.0,0.0,0.0
2021-05-04T19:00:00.000Z,0.0,0.0,0.0,0.0,0.0,0.0,0.0,0.0,0.0,0.0,0.0,0.0,0.0
2021-05-04T20:00:00.000Z,0.0,0.0,0.0,0.0,0.0,0.0,0.0,0.0,0.0,0.0,0.0,0.0,0.0
2021-05-04T21:00:00.000Z,0.0,0.0,0.0,0.0,0.0,0.0,0.0,0.0,0.0,0.0,0.0,0.0,0.0
2021-05-04T22:00:00.000Z,0.0,0.0,0.0,0.0,0.0,0.0,0.0,0.0,0.0,0.0,0.0,0.0,0.0
2021-05-04T23:00:00.000Z,0.0,0.0,0.0,0.0,0.0,0.0,0.0,0.0,0.0,0.0,0.0,0.0,0.0
2021-05-05T00:00:00.000Z,0.0,0.0,0.0,0.0,0.0,0.0,0.0,0.0,0.0,0.0,0.0,0.0,0.0
2021-05-05T01:00:00.000Z,0.0,0.0,0.0,0.0,0.0,0.0,0.0,0.0,0.0,0.0,0.0,0.0,0.0
2021-05-05T02:00:00.000Z,0.0,0.0,0.0,0.0,0.0,0.0,0.0,0.0,0.0,0.0,0.0,0.0,0.0
2021-05-05T03:00:00.000Z,0.0,0.0,0.0,0.0,0.0,0.0,0.0,0.0,0.0,0.0,0.0,0.0,0.0
2021-05-05T04:00:00.000Z,0.0,0.0,0.0,0.0,0.0,0.0,0.0,0.0,0.0,0.0,0.0,0.0,0.0
2021-05-05T05:00:00.000Z,0.562222222222222,0.0,0.0,3.55731225296443,0.0,0.0,0.0,0.0,0.0,0.0,0.0,3.55731225296443,0.0
2021-05-05T06:00:00.000Z,0.631111111111111,0.0,1.58450704225352,0.0,0.0,0.0,1.58450704225352,0.0,0.0,0.0,0.0,0.0,0.0
2021-05-05T07:00:00.000Z,0.785277777777778,0.0,15.2812168376371,0.0,3.82030420940927,0.0,2.54686947293951,0.0,0.0,0.0,12.7343473646976,0.0,3.82030420940927
2021-05-05T08:00:00.000Z,0.675,0.0,2.96296296296296,0.0,0.0,0.0,1.48148148148148,0.0,0.0,0.0,1.48148148148148,0.0,0.0
2021-05-05T09:00:00.000Z,0.742777777777778,0.0,1.34629768137622,0.0,0.0,0.0,1.34629768137622,0.0,0.0,0.0,0.0,0.0,0.0
2021-05-05T10:00:00.000Z,0.786111111111111,0.0,0.0,0.0,0.0,0.0,0.0,0.0,0.0,0.0,0.0,0.0,0.0
2021-05-05T11:00:00.000Z,0.769444444444444,0.0,0.0,0.0,0.0,0.0,0.0,0.0,0.0,0.0,0.0,0.0,0.0
2021-05-05T12:00:00.000Z,0.776388888888889,0.0,0.0,0.0,0.0,0.0,0.0,0.0,0.0,0.0,0.0,0.0,0.0
2021-05-05T13:00:00.000Z,0.779166666666667,0.0,0.0,0.0,0.0,0.0,0.0,0.0,0.0,0.0,0.0,0.0,0.0
2021-05-05T14:00:00.000Z,0.77,0.0,0.0,0.0,0.0,0.0,0.0,0.0,0.0,0.0,0.0,0.0,0.0
2021-05-05T15:00:00.000Z,0.795555555555556,0.0,0.0,0.0,0.0,0.0,0.0,0.0,0.0,0.0,0.0,0.0,0.0
2021-05-05T16:00:00.000Z,0.764444444444444,0.0,0.0,0.0,0.0,0.0,0.0,0.0,0.0,0.0,0.0,0.0,0.0
2021-05-05T17:00:00.000Z,0.536944444444444,0.0,0.0,0.0,0.0,0.0,0.0,0.0,0.0,0.0,0.0,0.0,0.0
2021-05-05T18:00:00.000Z,0.0,0.0,0.0,0.0,0.0,0.0,0.0,0.0,0.0,0.0,0.0,0.0,0.0
2021-05-05T19:00:00.000Z,0.0,0.0,0.0,0.0,0.0,0.0,0.0,0.0,0.0,0.0,0.0,0.0,0.0
2021-05-05T20:00:00.000Z,0.0,0.0,0.0,0.0,0.0,0.0,0.0,0.0,0.0,0.0,0.0,0.0,0.0
2021-05-05T21:00:00.000Z,0.0,0.0,0.0,0.0,0.0,0.0,0.0,0.0,0.0,0.0,0.0,0.0,0.0
2021-05-05T22:00:00.000Z,0.0,0.0,0.0,0.0,0.0,0.0,0.0,0.0,0.0,0.0,0.0,0.0,0.0
2021-05-05T23:00:00.000Z,0.0,0.0,0.0,0.0,0.0,0.0,0.0,0.0,0.0,0.0,0.0,0.0,0.0
2021-05-06T00:00:00.000Z,0.0,0.0,0.0,0.0,0.0,0.0,0.0,0.0,0.0,0.0,0.0,0.0,0.0
2021-05-06T01:00:00.000Z,0.0,0.0,0.0,0.0,0.0,0.0,0.0,0.0,0.0,0.0,0.0,0.0,0.0
2021-05-06T02:00:00.000Z,0.0,0.0,0.0,0.0,0.0,0.0,0.0,0.0,0.0,0.0,0.0,0.0,0.0
2021-05-06T03:00:00.000Z,0.0,0.0,0.0,0.0,0.0,0.0,0.0,0.0,0.0,0.0,0.0,0.0,0.0
2021-05-06T04:00:00.000Z,0.0,0.0,0.0,0.0,0.0,0.0,0.0,0.0,0.0,0.0,0.0,0.0,0.0
2021-05-06T05:00:00.000Z,0.495555555555556,0.0,0.0,0.0,0.0,0.0,0.0,0.0,0.0,0.0,0.0,0.0,0.0
2021-05-06T06:00:00.000Z,0.783888888888889,0.0,0.0,0.0,0.0,0.0,0.0,0.0,0.0,0.0,0.0,0.0,0.0
2021-05-06T07:00:00.000Z,0.775,0.0,0.0,2.58064516129032,0.0,0.0,0.0,2.58064516129032,0.0,0.0,0.0,0.0,0.0
2021-05-06T08:00:00.000Z,0.790555555555556,0.0,0.0,0.0,0.0,0.0,0.0,0.0,0.0,0.0,0.0,0.0,0.0
2021-05-06T09:00:00.000Z,0.788611111111111,0.0,0.0,0.0,0.0,0.0,0.0,0.0,0.0,0.0,0.0,0.0,0.0
2021-05-06T10:00:00.000Z,0.771666666666667,0.0,0.0,0.0,0.0,0.0,0.0,0.0,0.0,0.0,0.0,0.0,0.0
2021-05-06T11:00:00.000Z,0.788333333333333,0.0,0.0,0.0,0.0,0.0,0.0,0.0,0.0,0.0,0.0,0.0,0.0
2021-05-06T12:00:00.000Z,0.785277777777778,0.0,0.0,0.0,0.0,0.0,0.0,0.0,0.0,0.0,0.0,0.0,0.0
2021-05-06T13:00:00.000Z,0.778333333333333,0.0,0.0,0.0,0.0,0.0,0.0,0.0,0.0,0.0,0.0,0.0,0.0
2021-05-06T14:00:00.000Z,0.762222222222222,0.0,0.0,0.0,0.0,0.0,0.0,0.0,0.0,0.0,0.0,0.0,0.0
2021-05-06T15:00:00.000Z,0.796388888888889,0.0,0.0,0.0,0.0,0.0,0.0,0.0,0.0,0.0,0.0,0.0,0.0
2021-05-06T16:00:00.000Z,0.765277777777778,0.0,0.0,0.0,0.0,0.0,0.0,0.0,0.0,0.0,0.0,0.0,0.0
2021-05-06T17:00:00.000Z,0.790555555555556,0.0,0.0,0.0,0.0,0.0,0.0,0.0,0.0,0.0,0.0,0.0,0.0
2021-05-06T18:00:00.000Z,0.152777777777778,0.0,0.0,0.0,0.0,0.0,0.0,0.0,0.0,0.0,0.0,0.0,0.0
2021-05-06T19:00:00.000Z,0.0,0.0,0.0,0.0,0.0,0.0,0.0,0.0,0.0,0.0,0.0,0.0,0.0
2021-05-06T20:00:00.000Z,0.0,0.0,0.0,0.0,0.0,0.0,0.0,0.0,0.0,0.0,0.0,0.0,0.0
2021-05-06T21:00:00.000Z,0.0,0.0,0.0,0.0,0.0,0.0,0.0,0.0,0.0,0.0,0.0,0.0,0.0
2021-05-06T22:00:00.000Z,0.0,0.0,0.0,0.0,0.0,0.0,0.0,0.0,0.0,0.0,0.0,0.0,0.0
2021-05-06T23:00:00.000Z,0.0,0.0,0.0,0.0,0.0,0.0,0.0,0.0,0.0,0.0,0.0,0.0,0.0
2021-05-07T00:00:00.000Z,0.0,0.0,0.0,0.0,0.0,0.0,0.0,0.0,0.0,0.0,0.0,0.0,0.0
2021-05-07T01:00:00.000Z,0.0,0.0,0.0,0.0,0.0,0.0,0.0,0.0,0.0,0.0,0.0,0.0,0.0
2021-05-07T02:00:00.000Z,0.0,0.0,0.0,0.0,0.0,0.0,0.0,0.0,0.0,0.0,0.0,0.0,0.0
2021-05-07T03:00:00.000Z,0.0,0.0,0.0,0.0,0.0,0.0,0.0,0.0,0.0,0.0,0.0,0.0,0.0
2021-05-07T04:00:00.000Z,0.0,0.0,0.0,0.0,0.0,0.0,0.0,0.0,0.0,0.0,0.0,0.0,0.0
2021-05-07T05:00:00.000Z,0.640277777777778,0.0,0.0,0.0,0.0,0.0,0.0,0.0,0.0,0.0,0.0,0.0,0.0
2021-05-07T06:00:00.000Z,0.779722222222222,0.0,0.0,0.0,0.0,0.0,0.0,0.0,0.0,0.0,0.0,0.0,0.0
2021-05-07T07:00:00.000Z,0.775833333333333,0.0,0.0,0.0,0.0,0.0,0.0,0.0,0.0,0.0,0.0,0.0,0.0
2021-05-07T08:00:00.000Z,0.787222222222222,0.0,0.0,0.0,0.0,0.0,0.0,0.0,0.0,0.0,0.0,0.0,0.0
2021-05-07T09:00:00.000Z,0.78,0.0,0.0,0.0,0.0,0.0,0.0,0.0,0.0,0.0,0.0,0.0,0.0
2021-05-07T10:00:00.000Z,0.771388888888889,0.0,0.0,0.0,0.0,0.0,0.0,0.0,0.0,0.0,0.0,0.0,0.0
2021-05-07T11:00:00.000Z,0.789166666666667,0.0,0.0,0.0,0.0,0.0,0.0,0.0,0.0,0.0,0.0,0.0,0.0
2021-05-07T12:00:00.000Z,0.771388888888889,0.0,0.0,0.0,0.0,0.0,0.0,0.0,0.0,0.0,0.0,0.0,0.0
2021-05-07T13:00:00.000Z,0.588611111111111,0.0,1.69891458235017,0.0,0.0,0.0,0.0,0.0,0.0,0.0,1.69891458235017,0.0,0.0
2021-05-07T14:00:00.000Z,0.591111111111111,0.0,0.0,0.0,0.0,0.0,0.0,0.0,0.0,0.0,0.0,0.0,0.0
2021-05-07T15:00:00.000Z,0.0516666666666667,0.0,0.0,0.0,0.0,0.0,0.0,0.0,0.0,0.0,0.0,0.0,0.0
2021-05-07T16:00:00.000Z,0.065,0.0,0.0,0.0,0.0,0.0,0.0,0.0,0.0,0.0,0.0,0.0,0.0
2021-05-07T17:00:00.000Z,0.575833333333333,0.0,0.0,0.0,0.0,0.0,0.0,0.0,0.0,0.0,0.0,0.0,0.0
2021-05-07T18:00:00.000Z,0.0275,0.0,0.0,0.0,0.0,0.0,0.0,0.0,0.0,0.0,0.0,0.0,0.0
2021-05-07T19:00:00.000Z,0.0,0.0,0.0,0.0,0.0,0.0,0.0,0.0,0.0,0.0,0.0,0.0,0.0
2021-05-07T20:00:00.000Z,0.0,0.0,0.0,0.0,0.0,0.0,0.0,0.0,0.0,0.0,0.0,0.0,0.0
2021-05-07T21:00:00.000Z,0.0,0.0,0.0,0.0,0.0,0.0,0.0,0.0,0.0,0.0,0.0,0.0,0.0
2021-05-07T22:00:00.000Z,0.0,0.0,0.0,0.0,0.0,0.0,0.0,0.0,0.0,0.0,0.0,0.0,0.0
2021-05-07T23:00:00.000Z,0.0,0.0,0.0,0.0,0.0,0.0,0.0,0.0,0.0,0.0,0.0,0.0,0.0
2021-05-08T00:00:00.000Z,0.0,0.0,0.0,0.0,0.0,0.0,0.0,0.0,0.0,0.0,0.0,0.0,0.0
2021-05-08T01:00:00.000Z,0.0,0.0,0.0,0.0,0.0,0.0,0.0,0.0,0.0,0.0,0.0,0.0,0.0
2021-05-08T02:00:00.000Z,0.0,0.0,0.0,0.0,0.0,0.0,0.0,0.0,0.0,0.0,0.0,0.0,0.0
2021-05-08T03:00:00.000Z,0.125833333333333,0.0,0.0,0.0,0.0,0.0,0.0,0.0,0.0,0.0,0.0,0.0,0.0
2021-05-08T04:00:00.000Z,0.793333333333333,0.0,0.0,0.0,0.0,0.0,0.0,0.0,0.0,0.0,0.0,0.0,0.0
2021-05-08T05:00:00.000Z,0.789444444444444,0.0,0.0,0.0,0.0,0.0,0.0,0.0,0.0,0.0,0.0,0.0,0.0
2021-05-08T06:00:00.000Z,0.783888888888889,1.27569099929128,3.82707299787385,0.0,0.0,1.27569099929128,3.82707299787385,0.0,0.0,0.0,0.0,0.0,0.0
2021-05-08T07:00:00.000Z,0.3375,0.0,8.88888888888889,0.0,0.0,0.0,0.0,0.0,0.0,0.0,8.88888888888889,0.0,0.0
2021-05-09T20:00:00.000Z,0.0,0.0,0.0,0.0,0.0,0.0,0.0,0.0,0.0,0.0,0.0,0.0,0.0
2021-05-09T21:00:00.000Z,0.0,0.0,0.0,0.0,0.0,0.0,0.0,0.0,0.0,0.0,0.0,0.0,0.0
2021-05-09T22:00:00.000Z,0.0,0.0,0.0,0.0,0.0,0.0,0.0,0.0,0.0,0.0,0.0,0.0,0.0
2021-05-09T23:00:00.000Z,0.0,0.0,0.0,0.0,0.0,0.0,0.0,0.0,0.0,0.0,0.0,0.0,0.0
2021-05-10T00:00:00.000Z,0.0,0.0,0.0,0.0,0.0,0.0,0.0,0.0,0.0,0.0,0.0,0.0,0.0
2021-05-10T01:00:00.000Z,0.0,0.0,0.0,0.0,0.0,0.0,0.0,0.0,0.0,0.0,0.0,0.0,0.0
2021-05-10T02:00:00.000Z,0.0,0.0,0.0,0.0,0.0,0.0,0.0,0.0,0.0,0.0,0.0,0.0,0.0
2021-05-10T03:00:00.000Z,0.283333333333333,3.52941176470588,0.0,723.529411764704,130.588235294118,3.52941176470588,0.0,356.470588235293,35.2941176470588,0.0,0.0,367.058823529411,95.2941176470589
2021-05-10T04:00:00.000Z,0.739722222222222,4.05557641757416,39.2039053698836,900.337964701466,81.1115283514833,4.05557641757416,32.4446113405933,469.095005632746,20.2778820878708,0.0,6.75929402929027,431.24295906872,60.8336462636125
2021-05-10T05:00:00.000Z,0.711666666666667,2.81030444964871,15.4566744730679,727.868852459015,80.0936768149883,2.81030444964871,11.2412177985948,411.709601873535,26.6978922716628,0.0,4.21545667447307,316.159250585479,53.3957845433255
2021-05-10T06:00:00.000Z,0.723611111111111,0.0,23.4932821497121,917.619961612279,40.0767754318618,0.0,17.9654510556622,543.109404990399,1.38195777351248,0.0,5.5278310940499,374.51055662188,38.6948176583493
2021-05-10T07:00:00.000Z,0.733333333333333,0.0,21.8181818181818,1086.81818181819,55.9090909090909,0.0,17.7272727272727,760.909090909096,9.54545454545454,0.0,4.09090909090909,325.909090909092,46.3636363636364
2021-05-10T08:00:00.000Z,0.744166666666667,0.0,47.0324748040314,1048.15229563271,102.127659574468,0.0,43.0011198208287,784.770436730133,36.2821948488242,0.0,4.03135498320269,263.381858902575,65.845464725644
2021-05-10T09:00:00.000Z,0.720277777777778,0.0,56.9224836097184,991.284226764364,97.1847281141534,0.0,52.7574238333976,705.283455456997,36.0971847281141,0.0,4.16505977632086,286.000771307367,61.0875433860393
2021-05-10T10:00:00.000Z,0.724722222222222,6.89919509390571,85.5500191644308,1215.63817554618,110.387121502491,4.13951705634343,80.0306630893062,878.957454963582,45.5346876197777,2.75967803756228,5.51935607512457,336.680720582599,64.8524338827136
2021-05-10T11:00:00.000Z,0.736944444444444,6.78477195627591,90.9159442140974,1157.48209574066,108.556351300415,2.71390878251037,84.1311722578215,895.58989822841,50.2073124764418,4.07086317376555,6.78477195627591,261.892197512251,58.3490388239729
2021-05-10T12:00:00.000Z,0.704444444444444,9.93690851735016,96.5299684542585,1229.33753943217,122.082018927445,7.09779179810726,89.4321766561513,919.873817034695,46.8454258675079,2.8391167192429,7.09779179810726,309.463722397477,75.2365930599368
2021-05-10T13:00:00.000Z,0.715833333333333,2.79394644935972,29.3364377182771,701.280558789292,148.079161816065,2.79394644935972,27.9394644935972,560.186263096626,43.3061699650757,0.0,1.39697322467986,141.094295692666,104.772991850989
2021-05-10T14:00:00.000Z,0.713611111111111,8.40794083300895,74.2701440249124,968.314519268206,65.8622031919035,7.00661736084079,72.8688205527443,818.372907746213,26.625145971195,1.40132347216816,1.40132347216816,149.941611521993,39.2370572207084
2021-05-10T15:00:00.000Z,0.711666666666667,5.62060889929742,87.1194379391102,882.435597189702,47.7751756440281,5.62060889929742,80.0936768149884,723.653395784549,4.21545667447307,0.0,7.02576112412178,158.782201405152,43.559718969555
2021-05-10T16:00:00.000Z,0.4975,0.0,68.3417085427136,470.35175879397,18.0904522613065,0.0,56.2814070351759,385.929648241207,0.0,0.0,12.0603015075377,84.4221105527637,18.0904522613065
2021-05-10T17:00:00.000Z,0.502777777777778,0.0,55.6906077348066,334.143646408839,0.0,0.0,51.7127071823205,288.397790055248,0.0,0.0,3.97790055248619,45.7458563535912,0.0
2021-05-10T18:00:00.000Z,0.249444444444444,0.0,32.0712694877506,453.006681514478,8.01781737193764,0.0,32.0712694877506,384.855233853008,0.0,0.0,0.0,68.1514476614699,8.01781737193764
2021-05-10T19:00:00.000Z,0.0,0.0,0.0,0.0,0.0,0.0,0.0,0.0,0.0,0.0,0.0,0.0,0.0
2021-05-10T20:00:00.000Z,0.0,0.0,0.0,0.0,0.0,0.0,0.0,0.0,0.0,0.0,0.0,0.0,0.0
2021-05-10T21:00:00.000Z,0.0,0.0,0.0,0.0,0.0,0.0,0.0,0.0,0.0,0.0,0.0,0.0,0.0
2021-05-10T22:00:00.000Z,0.0,0.0,0.0,0.0,0.0,0.0,0.0,0.0,0.0,0.0,0.0,0.0,0.0
2021-05-10T23:00:00.000Z,0.0,0.0,0.0,0.0,0.0,0.0,0.0,0.0,0.0,0.0,0.0,0.0,0.0
2021-05-11T00:00:00.000Z,0.0,0.0,0.0,0.0,0.0,0.0,0.0,0.0,0.0,0.0,0.0,0.0,0.0
2021-05-11T01:00:00.000Z,0.0,0.0,0.0,0.0,0.0,0.0,0.0,0.0,0.0,0.0,0.0,0.0,0.0
2021-05-11T02:00:00.000Z,0.0,0.0,0.0,0.0,0.0,0.0,0.0,0.0,0.0,0.0,0.0,0.0,0.0
2021-05-11T03:00:00.000Z,0.141388888888889,0.0,21.2180746561886,587.033398821218,91.9449901768173,0.0,21.2180746561886,452.652259332023,35.3634577603143,0.0,0.0,134.381139489194,56.581532416503
2021-05-11T04:00:00.000Z,0.753611111111111,1.32694434205676,14.5963877626244,667.453004054556,47.7699963140435,0.0,10.6155547364541,439.218577220792,10.6155547364541,1.32694434205676,3.98083302617029,228.234426833764,37.1544415775894
2021-05-11T05:00:00.000Z,0.726944444444444,0.0,39.8930072602216,837.753152464652,77.034772640428,0.0,26.1367978601452,632.785632403513,12.3805884600688,0.0,13.7562094000764,204.967520061139,64.6541841803592
2021-05-11T06:00:00.000Z,0.719722222222222,0.0,16.6730991895021,851.717483597061,56.9664222307989,0.0,9.72597452720957,676.649942107289,1.38942493245851,0.0,6.94712466229255,175.067541489772,55.5769972983404
2021-05-11T07:00:00.000Z,0.768055555555556,1.30198915009042,14.3218806509946,894.466546112123,84.629294755877,1.30198915009042,14.3218806509946,760.36166365281,11.7179023508137,0.0,0.0,134.104882459313,72.9113924050633
2021-05-11T08:00:00.000Z,0.759722222222222,0.0,35.5393053016453,814.771480804382,94.7714808043875,0.0,34.2230347349177,700.25594149908,36.8555758683729,0.0,1.31627056672761,114.515539305302,57.9159049360146
2021-05-11T09:00:00.000Z,0.711944444444444,7.02301989855638,67.4209910261412,950.916894264538,101.131486539212,4.21381193913383,58.9933671478736,806.242684354276,28.0920795942255,2.80920795942255,8.42762387826765,144.674209910262,73.0394069449864
2021-05-11T10:00:00.000Z,0.65,6.15384615384615,104.615384615385,1012.3076923077,147.692307692308,4.61538461538461,72.3076923076923,750.769230769234,63.0769230769231,1.53846153846154,32.3076923076923,261.538461538462,84.6153846153846
2021-05-11T11:00:00.000Z,0.7325,2.73037542662116,95.5631399317406,1154.94880546076,222.525597269624,0.0,36.8600682593857,608.87372013652,68.259385665529,2.73037542662116,58.703071672355,546.075085324235,154.266211604095
2021-05-11T12:00:00.000Z,0.733055555555556,8.18491852974612,107.768093974991,1032.6638878363,313.755210306935,1.36415308829102,38.1962864721485,587.949981053427,132.322849564229,6.8207654414551,69.571807502842,444.713906782872,181.432360742706
2021-05-11T13:00:00.000Z,0.664722222222222,3.00877559548684,58.6711241119933,707.062264939403,282.824905975763,1.50438779774342,30.0877559548684,412.202256581694,76.7237776849144,1.50438779774342,28.583368157125,294.860008357709,206.101128290848
2021-05-11T14:00:00.000Z,0.455277777777778,8.78584502745577,184.502745576571,1262.96522269676,235.021354484442,0.0,46.1256863941428,643.563148261133,54.9115314215985,8.78584502745577,138.377059182428,619.40207443563,180.109823062844
2021-05-11T15:00:00.000Z,0.419444444444444,2.3841059602649,224.105960264901,1118.14569536424,152.582781456954,0.0,107.284768211921,700.927152317883,45.2980132450331,2.3841059602649,116.82119205298,417.218543046356,107.284768211921
2021-05-11T16:00:00.000Z,0.733055555555556,6.8207654414551,167.790829859795,1084.50170519136,207.351269420235,2.72830617658204,76.3925729442971,575.672603258808,57.2944297082228,4.09245926487306,91.3982569154983,508.829101932549,150.056839712012
2021-05-11T17:00:00.000Z,0.7425,4.04040404040404,192.592592592592,1287.54208754209,168.350168350168,1.34680134680135,80.8080808080808,567.003367003366,76.7676767676768,2.69360269360269,111.784511784512,720.538720538724,91.5824915824915
2021-05-11T18:00:00.000Z,0.270555555555556,11.088295687885,114.579055441478,1308.41889117043,203.285420944559,3.69609856262834,36.9609856262834,547.022587268993,70.2258726899384,7.39219712525667,77.6180698151951,761.396303901436,133.05954825462
2021-05-11T19:00:00.000Z,0.0,0.0,0.0,0.0,0.0,0.0,0.0,0.0,0.0,0.0,0.0,0.0,0.0
2021-05-11T20:00:00.000Z,0.0,0.0,0.0,0.0,0.0,0.0,0.0,0.0,0.0,0.0,0.0,0.0,0.0
2021-05-11T21:00:00.000Z,0.0,0.0,0.0,0.0,0.0,0.0,0.0,0.0,0.0,0.0,0.0,0.0,0.0
2021-05-11T22:00:00.000Z,0.0,0.0,0.0,0.0,0.0,0.0,0.0,0.0,0.0,0.0,0.0,0.0,0.0
2021-05-11T23:00:00.000Z,0.0,0.0,0.0,0.0,0.0,0.0,0.0,0.0,0.0,0.0,0.0,0.0,0.0
2021-05-12T00:00:00.000Z,0.0,0.0,0.0,0.0,0.0,0.0,0.0,0.0,0.0,0.0,0.0,0.0,0.0
2021-05-12T01:00:00.000Z,0.0,0.0,0.0,0.0,0.0,0.0,0.0,0.0,0.0,0.0,0.0,0.0,0.0
2021-05-12T02:00:00.000Z,0.0,0.0,0.0,0.0,0.0,0.0,0.0,0.0,0.0,0.0,0.0,0.0,0.0
2021-05-12T03:00:00.000Z,0.127222222222222,7.86026200873363,7.86026200873363,605.240174672489,157.205240174673,0.0,0.0,400.873362445415,110.043668122271,7.86026200873363,7.86026200873363,204.366812227074,47.1615720524018
2021-05-12T04:00:00.000Z,0.743333333333333,5.38116591928251,79.3721973094171,1092.37668161434,326.905829596412,2.69058295964126,68.6098654708521,694.17040358744,191.031390134529,2.69058295964126,10.762331838565,398.206278026904,135.874439461884
2021-05-12T05:00:00.000Z,0.753055555555556,0.0,82.331243083733,864.478052379197,448.838067133898,0.0,62.4123939505718,614.828476576912,285.503504241976,0.0,19.9188491331612,249.649575802286,163.334562891921
2021-05-12T06:00:00.000Z,0.714166666666667,1.4002333722287,57.4095682613769,701.51691948658,397.666277712954,0.0,47.607934655776,553.092182030337,190.431738623104,1.4002333722287,9.80163360560093,148.424737456243,207.234539089849
2021-05-12T07:00:00.000Z,0.7425,0.0,44.4444444444444,817.508417508417,346.127946127946,0.0,32.3232323232323,573.737373737373,187.205387205387,0.0,12.1212121212121,243.771043771044,158.922558922559
2021-05-12T08:00:00.000Z,0.531666666666667,3.76175548589342,37.6175548589342,900.940438871478,321.630094043888,1.88087774294671,16.9278996865204,532.288401253922,156.112852664577,1.88087774294671,20.6896551724138,368.652037617557,165.517241379311
2021-05-12T09:00:00.000Z,0.565,1.76991150442478,63.7168141592921,1077.87610619469,307.964601769912,1.76991150442478,38.9380530973451,614.159292035396,162.83185840708,0.0,24.7787610619469,463.716814159293,145.132743362832
2021-05-12T10:00:00.000Z,0.764722222222222,7.84598619687613,58.844896476571,1155.97529967308,373.992008717762,2.61532873229205,31.3839447875045,597.602615328729,184.380675626589,5.23065746458409,27.4609516890665,558.372684344349,189.611333091173
2021-05-12T11:00:00.000Z,0.715,4.1958041958042,62.937062937063,1121.67832167831,310.48951048951,1.3986013986014,22.3776223776224,662.937062937058,128.671328671329,2.7972027972028,40.5594405594406,458.741258741256,181.818181818181
2021-05-12T12:00:00.000Z,0.741111111111111,2.69865067466267,41.8290854572714,728.635682158917,574.812593703146,0.0,25.6371814092953,376.46176911544,299.550224887555,2.69865067466267,16.191904047976,352.173913043476,275.262368815591
2021-05-12T13:00:00.000Z,0.730555555555556,1.36882129277567,38.3269961977186,171.102661596958,766.539923954377,0.0,20.532319391635,97.1863117870722,388.745247148291,1.36882129277567,17.7946768060837,73.9163498098859,377.794676806086
2021-05-12T14:00:00.000Z,0.715277777777778,1.39805825242718,54.5242718446602,443.184466019417,690.640776699027,1.39805825242718,40.5436893203883,261.436893203883,371.88349514563,0.0,13.9805825242718,181.747572815534,318.757281553397
2021-05-12T15:00:00.000Z,0.731666666666667,5.46697038724374,65.6036446469248,1037.35763097949,390.888382687926,0.0,45.1025056947608,564.464692482912,159.908883826879,5.46697038724374,20.501138952164,472.892938496581,230.979498861047
2021-05-12T16:00:00.000Z,0.746388888888889,5.35913658355043,69.6687755861555,1078.52623743953,203.647190174916,1.33978414588761,44.212876814291,523.855601042058,75.027912169706,4.01935243766282,25.4558987718645,554.670636397473,128.61927800521
2021-05-12T17:00:00.000Z,0.732777777777778,8.18802122820319,109.173616376042,1146.32297194845,182.865807429871,2.72934040940106,50.4927975739196,560.87945413192,80.5155420773313,5.45868081880212,58.6808188021228,585.443517816531,102.35026535254
2021-05-12T18:00:00.000Z,0.281666666666667,3.55029585798817,124.260355029586,898.224852071004,170.414201183432,0.0,28.4023668639053,404.73372781065,74.5562130177515,3.55029585798817,95.8579881656804,493.491124260354,95.8579881656804
2021-05-12T19:00:00.000Z,0.0,0.0,0.0,0.0,0.0,0.0,0.0,0.0,0.0,0.0,0.0,0.0,0.0
2021-05-12T20:00:00.000Z,0.0,0.0,0.0,0.0,0.0,0.0,0.0,0.0,0.0,0.0,0.0,0.0,0.0
2021-05-12T21:00:00.000Z,0.0,0.0,0.0,0.0,0.0,0.0,0.0,0.0,0.0,0.0,0.0,0.0,0.0
2021-05-12T22:00:00.000Z,0.0,0.0,0.0,0.0,0.0,0.0,0.0,0.0,0.0,0.0,0.0,0.0,0.0
2021-05-12T23:00:00.000Z,0.0,0.0,0.0,0.0,0.0,0.0,0.0,0.0,0.0,0.0,0.0,0.0,0.0
2021-05-13T00:00:00.000Z,0.0,0.0,0.0,0.0,0.0,0.0,0.0,0.0,0.0,0.0,0.0,0.0,0.0
2021-05-13T01:00:00.000Z,0.0,0.0,0.0,0.0,0.0,0.0,0.0,0.0,0.0,0.0,0.0,0.0,0.0
2021-05-13T02:00:00.000Z,0.0,0.0,0.0,0.0,0.0,0.0,0.0,0.0,0.0,0.0,0.0,0.0,0.0
2021-05-13T03:00:00.000Z,0.348611111111111,11.4741035856574,25.8167330677291,745.816733067729,154.900398406374,2.86852589641434,25.8167330677291,450.358565737051,80.3187250996016,8.60557768924303,0.0,295.458167330677,74.5816733067729
2021-05-13T04:00:00.000Z,0.768888888888889,2.60115606936416,133.959537572254,958.52601156069,254.913294797688,1.30057803468208,126.156069364162,678.901734104044,132.658959537572,1.30057803468208,7.80346820809249,279.624277456647,122.254335260115
2021-05-13T05:00:00.000Z,0.758888888888889,6.58857979502196,150.219619326501,685.212298682282,486.237188872622,5.27086383601757,126.500732064422,525.76866764275,276.720351390923,1.31771595900439,23.7188872620791,159.443631039532,209.516837481699
2021-05-13T06:00:00.000Z,0.754166666666667,6.62983425414365,139.226519337017,845.966850828726,346.077348066299,5.30386740331492,118.011049723757,547.624309392262,171.049723756906,1.32596685082873,21.2154696132597,298.342541436464,175.027624309393
2021-05-13T07:00:00.000Z,0.602222222222222,8.30258302583026,179.335793357933,1039.48339483395,298.892988929889,6.64206642066421,139.483394833948,690.774907749079,174.354243542435,1.66051660516605,39.8523985239852,348.708487084869,124.538745387454
2021-05-13T08:00:00.000Z,0.629722222222222,3.17600352889281,141.33215703573,935.333039258932,328.716365240406,3.17600352889281,106.396118217909,563.740626378473,181.03220114689,0.0,34.9360388178209,371.592412880458,147.684164093516
2021-05-13T09:00:00.000Z,0.567222222222222,8.81488736532811,116.356513222331,1001.37120470128,278.550440744368,3.52595494613124,82.8599412340842,580.01958863859,125.171400587659,5.28893241919687,33.4965719882468,421.351616062685,153.379040156709
2021-05-13T10:00:00.000Z,0.350833333333333,14.2517814726841,128.266033254157,966.270783847983,424.703087885986,2.85035629453682,71.2589073634204,547.26840855107,156.769596199525,11.4014251781473,57.0071258907363,419.002375296913,267.933491686461
2021-05-13T11:00:00.000Z,0.423888888888889,28.3093053735256,101.441677588467,1066.31716906946,285.452162516383,14.1546526867628,44.8230668414155,493.053735255571,134.469200524247,14.1546526867628,56.6186107470512,573.263433813893,150.982961992136
2021-05-13T12:00:00.000Z,0.366388888888889,19.1053828658074,171.948445792267,1042.60803639121,368.460955269143,10.9173616376042,106.444275966641,540.40940106141,147.384382107657,8.18802122820319,65.5041698256255,502.198635329795,221.076573161486
2021-05-13T13:00:00.000Z,0.726944444444444,23.3855559801299,125.181505540695,357.661444401987,415.437523882308,8.25372564004586,83.9128773404661,215.9724875812,123.805884600688,15.1318303400841,41.2686282002293,141.688956820787,291.631639281621
2021-05-13T14:00:00.000Z,0.743333333333333,16.1434977578475,143.946188340807,372.645739910313,383.408071748878,10.762331838565,96.8609865470853,223.318385650224,176.233183856502,5.38116591928251,47.085201793722,149.32735426009,207.174887892376
2021-05-13T15:00:00.000Z,0.731666666666667,20.501138952164,173.576309794989,1072.89293849658,273.348519362187,9.56719817767654,101.138952164009,590.43280182232,102.50569476082,10.9339407744875,72.4373576309796,482.460136674257,170.842824601367
2021-05-13T16:00:00.000Z,0.729722222222222,27.4076893795204,154.85344499429,1085.344499429,342.596117244005,8.22230681385611,83.5934526075371,522.11648267986,119.223448800913,19.1853825656643,71.259992386753,563.22801674914,223.372668443091
2021-05-13T17:00:00.000Z,0.75,18.6666666666667,112.0,1121.33333333333,236.0,8.0,33.3333333333333,561.333333333332,94.6666666666666,10.6666666666667,78.6666666666667,559.999999999998,141.333333333333
2021-05-13T18:00:00.000Z,0.170277777777778,11.7455138662316,64.6003262642741,1098.20554649266,229.037520391517,0.0,35.2365415986949,516.802610114194,105.709624796085,11.7455138662316,29.3637846655791,581.402936378468,123.327895595432
2021-05-13T19:00:00.000Z,0.0,0.0,0.0,0.0,0.0,0.0,0.0,0.0,0.0,0.0,0.0,0.0,0.0
2021-05-13T20:00:00.000Z,0.0,0.0,0.0,0.0,0.0,0.0,0.0,0.0,0.0,0.0,0.0,0.0,0.0
2021-05-13T21:00:00.000Z,0.0,0.0,0.0,0.0,0.0,0.0,0.0,0.0,0.0,0.0,0.0,0.0,0.0
2021-05-13T22:00:00.000Z,0.0,0.0,0.0,0.0,0.0,0.0,0.0,0.0,0.0,0.0,0.0,0.0,0.0
2021-05-13T23:00:00.000Z,0.0,0.0,0.0,0.0,0.0,0.0,0.0,0.0,0.0,0.0,0.0,0.0,0.0
2021-05-14T00:00:00.000Z,0.0,0.0,0.0,0.0,0.0,0.0,0.0,0.0,0.0,0.0,0.0,0.0,0.0
2021-05-14T01:00:00.000Z,0.0,0.0,0.0,0.0,0.0,0.0,0.0,0.0,0.0,0.0,0.0,0.0,0.0
2021-05-14T02:00:00.000Z,0.0,0.0,0.0,0.0,0.0,0.0,0.0,0.0,0.0,0.0,0.0,0.0,0.0
2021-05-14T03:00:00.000Z,0.204444444444444,19.5652173913043,53.804347826087,753.260869565217,141.847826086957,9.78260869565217,48.9130434782609,484.239130434782,88.0434782608696,9.78260869565217,4.89130434782609,269.021739130435,53.804347826087
2021-05-14T04:00:00.000Z,0.751666666666667,11.9733924611973,106.430155210643,1024.39024390244,271.39689578714,6.65188470066519,94.4567627494456,667.849223946788,162.305986696231,5.32150776053215,11.9733924611973,356.541019955654,109.090909090909
2021-05-14T05:00:00.000Z,0.730555555555556,13.6882129277567,173.840304182509,891.102661596965,425.703422053232,8.21292775665399,157.414448669201,561.216730038028,235.437262357414,5.47528517110266,16.425855513308,329.885931558937,190.266159695817
2021-05-14T06:00:00.000Z,0.734166666666667,6.81044267877412,141.657207718502,743.700340522135,468.558456299659,4.08626560726447,111.691259931895,555.732122587969,269.693530079455,2.72417707150965,29.9659477866061,187.968217934165,198.864926220204
2021-05-14T07:00:00.000Z,0.735277777777778,10.8802417831507,80.2417831507366,663.694748772194,510.01133358519,9.52021156025689,54.4012089157536,473.290517567056,318.247072157159,1.36003022289384,25.840574234983,190.404231205138,191.764261428032
2021-05-14T08:00:00.000Z,0.729166666666667,2.74285714285714,111.085714285714,297.6,710.399999999998,1.37142857142857,64.4571428571429,168.685714285714,401.82857142857,1.37142857142857,46.6285714285714,128.914285714286,308.571428571428
2021-05-14T09:00:00.000Z,0.729722222222222,2.74076893795204,61.6673011039208,430.30072325847,823.601065854584,1.37038446897602,45.2226874762086,252.150742291588,453.59725923106,1.37038446897602,16.4446136277122,178.149980966883,370.003806623524
2021-05-14T10:00:00.000Z,0.673055555555556,10.4003301692117,80.2311184482048,725.051588939334,802.31118448205,2.97152290548906,53.4874122988032,374.411886091623,468.01485761453,7.42880726372266,26.7437061494016,350.63970284771,334.29632686752
2021-05-14T11:00:00.000Z,0.635833333333333,20.4456094364351,125.819134993447,1129.22673656619,421.494102228046,7.86369593709043,72.3460026212319,570.904325032767,190.301441677588,12.5819134993447,53.4731323722149,558.322411533422,231.192660550458
2021-05-14T12:00:00.000Z,0.401111111111111,14.9584487534626,124.653739612188,735.45706371191,478.670360110802,9.97229916897507,62.3268698060942,386.426592797783,174.515235457063,4.98614958448753,62.3268698060942,349.030470914127,304.155124653739
2021-05-14T13:00:00.000Z,0.666666666666667,15.0,156.0,723.0,430.5,6.0,88.5,424.5,141.0,9.0,67.5,298.5,289.5
2021-05-14T14:00:00.000Z,0.722222222222222,24.9230769230769,177.230769230769,744.923076923073,461.076923076923,12.4615384615385,85.8461538461539,418.153846153843,274.153846153846,12.4615384615385,91.3846153846155,326.76923076923,186.923076923077
2021-05-14T15:00:00.000Z,0.725277777777778,20.6817311374952,180.620451934125,1043.73803140558,336.422826503256,6.89391037916507,89.620834929146,500.49789352738,155.802374569131,13.7878207583301,90.999617004979,543.240137878202,180.620451934125
2021-05-14T16:00:00.000Z,0.751111111111111,15.9763313609467,209.023668639053,1167.60355029587,316.863905325444,3.99408284023669,122.485207100592,633.727810650893,150.443786982249,11.9822485207101,86.5384615384615,533.875739644975,166.420118343196
2021-05-14T17:00:00.000Z,0.731666666666667,16.4009111617312,169.476082004556,1076.99316628701,282.915717539863,2.73348519362187,66.9703872437358,500.227790432799,107.972665148064,13.6674259681093,102.50569476082,576.765375854211,174.943052391799
2021-05-14T18:00:00.000Z,0.269722222222222,3.70751802265705,174.253347064882,1093.71781668383,192.790937178167,0.0,59.3202883625129,456.024716786817,74.1503604531411,3.70751802265705,114.933058702369,637.693099897012,118.640576725026
2021-05-14T19:00:00.000Z,0.0,0.0,0.0,0.0,0.0,0.0,0.0,0.0,0.0,0.0,0.0,0.0,0.0
2021-05-14T20:00:00.000Z,0.0,0.0,0.0,0.0,0.0,0.0,0.0,0.0,0.0,0.0,0.0,0.0,0.0
2021-05-14T21:00:00.000Z,0.0,0.0,0.0,0.0,0.0,0.0,0.0,0.0,0.0,0.0,0.0,0.0,0.0
2021-05-14T22:00:00.000Z,0.0,0.0,0.0,0.0,0.0,0.0,0.0,0.0,0.0,0.0,0.0,0.0,0.0
2021-05-14T23:00:00.000Z,0.0,0.0,0.0,0.0,0.0,0.0,0.0,0.0,0.0,0.0,0.0,0.0,0.0
2021-05-15T00:00:00.000Z,0.0,0.0,0.0,0.0,0.0,0.0,0.0,0.0,0.0,0.0,0.0,0.0,0.0
2021-05-15T01:00:00.000Z,0.0,0.0,0.0,0.0,0.0,0.0,0.0,0.0,0.0,0.0,0.0,0.0,0.0
2021-05-15T02:00:00.000Z,0.0,0.0,0.0,0.0,0.0,0.0,0.0,0.0,0.0,0.0,0.0,0.0,0.0
2021-05-15T03:00:00.000Z,0.294444444444444,6.79245283018868,13.5849056603774,258.11320754717,112.075471698113,0.0,10.188679245283,180.0,74.7169811320754,6.79245283018868,3.39622641509434,78.1132075471698,37.3584905660377
2021-05-15T04:00:00.000Z,0.761666666666667,3.93873085339168,56.4551422319475,204.814004376368,282.275711159738,2.62582056892779,34.1356673960613,98.4682713347922,189.059080962801,1.31291028446389,22.3194748358862,106.345733041576,93.2166301969366
2021-05-15T05:00:00.000Z,0.770277777777778,2.59646592138478,44.1399206635413,489.433826181031,136.314460872701,2.59646592138478,31.1575910566174,272.628921745402,81.7886765236206,0.0,12.9823296069239,216.804904435629,54.5257843490804
2021-05-15T06:00:00.000Z,0.693611111111111,10.0921105326392,80.7368842611134,767.000400480574,131.197436924309,7.20865038045655,59.1109331197437,446.936323588304,66.3195835002003,2.88346015218262,21.6259511413696,320.06407689227,64.877853424109
2021-05-15T07:00:00.000Z,0.528055555555556,7.57496054708048,124.986849026828,912.782745923203,191.267753813782,5.68122041031036,106.049447659127,498.053655970544,104.155707522357,1.89374013677012,18.9374013677012,414.729089952658,87.1120462914255
2021-05-15T08:00:00.000Z,0.1725,23.1884057971015,156.521739130435,1211.59420289855,144.927536231884,17.3913043478261,115.942028985507,759.420289855074,63.768115942029,5.79710144927536,40.5797101449275,452.173913043479,81.1594202898551
2021-05-15T09:00:00.000Z,0.488611111111111,12.2797043774872,161.682774303582,1184.99147242752,161.682774303582,10.2330869812393,102.330869812393,679.476975554291,57.3052870949403,2.04661739624787,59.3519044911882,505.514496873226,104.377487208641
2021-05-15T10:00:00.000Z,0.604444444444444,14.8897058823529,152.205882352941,1048.89705882352,168.75,8.27205882352941,81.0661764705883,590.624999999995,52.9411764705883,6.61764705882353,71.139705882353,458.272058823526,115.808823529412
2021-05-15T11:00:00.000Z,0.502222222222222,19.9115044247788,151.327433628319,999.557522123893,169.247787610619,15.929203539823,95.575221238938,507.743362831858,65.7079646017699,3.98230088495575,55.7522123893805,491.814159292035,103.539823008849
2021-05-15T12:00:00.000Z,0.669166666666667,5.97758405977584,106.102117061021,703.860523038605,339.227895392279,1.49439601494396,55.2926525529265,327.272727272727,167.372353673723,4.48318804483188,50.8094645080946,376.587795765878,171.855541718555
2021-05-15T13:00:00.000Z,0.762777777777778,15.7319737800437,119.300801165331,343.481427530955,297.596504005827,11.7989803350328,62.9278951201747,174.362709395485,184.850691915514,3.93299344501092,56.3729060451565,169.11871813547,112.745812090313
2021-05-15T14:00:00.000Z,0.748055555555556,17.3783884144077,118.975120683253,852.877831414784,136.35350909766,13.3679910880059,78.8711474192349,465.20608986261,62.8295581136278,4.01039732640178,40.1039732640178,387.671741552174,73.5239509840326
2021-05-15T15:00:00.000Z,0.725833333333333,28.9322617680827,151.549942594719,890.011481056261,126.750861079219,13.7772675086108,79.9081515499427,505.625717566018,56.4867967853043,15.1549942594719,71.6417910447762,384.385763490243,70.2640642939151
2021-05-15T16:00:00.000Z,0.730277777777778,23.2788132369722,168.42906047927,1057.13198934956,179.383796120198,13.6934195511601,84.8992012171928,494.33244579688,79.4218333967288,9.58539368581209,83.5298592620768,562.799543552682,99.961962723469
2021-05-15T17:00:00.000Z,0.7375,13.5593220338983,136.949152542373,1025.08474576272,176.271186440678,8.13559322033898,47.457627118644,497.62711864407,79.9999999999999,5.42372881355932,89.4915254237287,527.457627118646,96.2711864406778
2021-05-15T18:00:00.000Z,0.317777777777778,12.5874125874126,129.020979020979,947.202797202801,144.755244755245,3.14685314685315,72.3776223776224,465.734265734268,62.9370629370629,9.44055944055944,56.6433566433566,481.468531468534,81.8181818181818
2021-05-15T19:00:00.000Z,0.0,0.0,0.0,0.0,0.0,0.0,0.0,0.0,0.0,0.0,0.0,0.0,0.0
2021-05-15T20:00:00.000Z,0.0,0.0,0.0,0.0,0.0,0.0,0.0,0.0,0.0,0.0,0.0,0.0,0.0
2021-05-15T21:00:00.000Z,0.0,0.0,0.0,0.0,0.0,0.0,0.0,0.0,0.0,0.0,0.0,0.0,0.0
2021-05-15T22:00:00.000Z,0.0,0.0,0.0,0.0,0.0,0.0,0.0,0.0,0.0,0.0,0.0,0.0,0.0
2021-05-15T23:00:00.000Z,0.0,0.0,0.0,0.0,0.0,0.0,0.0,0.0,0.0,0.0,0.0,0.0,0.0
2021-05-16T00:00:00.000Z,0.0,0.0,0.0,0.0,0.0,0.0,0.0,0.0,0.0,0.0,0.0,0.0,0.0
2021-05-16T01:00:00.000Z,0.0,0.0,0.0,0.0,0.0,0.0,0.0,0.0,0.0,0.0,0.0,0.0,0.0
2021-05-16T02:00:00.000Z,0.0,0.0,0.0,0.0,0.0,0.0,0.0,0.0,0.0,0.0,0.0,0.0,0.0
2021-05-16T03:00:00.000Z,0.1325,15.0943396226415,22.6415094339623,181.132075471698,60.377358490566,7.54716981132075,7.54716981132075,120.754716981132,52.8301886792453,7.54716981132075,15.0943396226415,60.377358490566,7.54716981132075
2021-05-16T04:00:00.000Z,0.789722222222222,2.53253605346465,8.86387618712627,206.401688357369,102.567710165318,1.26626802673232,6.33134013366162,127.893070699965,65.845937390081,1.26626802673232,2.53253605346465,78.5086176574042,36.7217727752375
2021-05-16T05:00:00.000Z,0.792777777777778,6.30693763139453,21.4435879467414,254.800280308339,99.6496145760337,2.52277505255781,16.3980378416258,138.75262789068,55.5010511562719,3.78416257883672,5.04555010511563,116.04765241766,44.1485634197617
2021-05-16T06:00:00.000Z,0.6975,2.8673835125448,64.5161290322581,392.831541218637,73.1182795698925,1.4336917562724,48.7455197132617,186.379928315412,43.0107526881721,1.4336917562724,15.7706093189964,206.451612903225,30.1075268817204
2021-05-16T07:00:00.000Z,0.247777777777778,4.03587443946188,60.5381165919283,778.923766816145,72.6457399103139,4.03587443946188,52.4663677130045,387.443946188341,12.1076233183857,0.0,8.07174887892377,391.479820627803,60.5381165919283
2021-05-16T08:00:00.000Z,0.511944444444444,15.6266956049919,136.733586543679,945.415084102005,115.246880086815,13.6733586543679,103.526858383071,548.887683125338,39.0667390124797,1.95333695062398,33.2067281606077,396.527400976668,76.1801410743353
2021-05-16T09:00:00.000Z,0.44,9.09090909090909,140.909090909091,1081.81818181818,120.454545454545,2.27272727272727,111.363636363636,549.999999999998,68.1818181818182,6.81818181818182,29.5454545454546,531.81818181818,52.2727272727273
2021-05-16T10:00:00.000Z,0.737222222222222,14.9208741522231,86.8123587038432,1040.39186134137,108.515448379804,5.4257724189902,39.336850037679,566.993217784473,33.9110776186888,9.49510173323286,47.4755086661643,473.398643556893,74.6043707611153
2021-05-16T11:00:00.000Z,0.485555555555556,16.4759725400458,102.974828375286,700.228832951947,109.153318077803,4.11899313501144,45.3089244851258,343.935926773456,41.1899313501144,12.3569794050343,57.6659038901602,356.292906178491,67.9633867276888
2021-05-16T12:00:00.000Z,0.455,8.79120879120879,96.7032967032967,650.549450549451,127.472527472528,4.3956043956044,50.5494505494505,375.824175824177,46.1538461538461,4.3956043956044,46.1538461538461,274.725274725275,81.3186813186814
2021-05-16T13:00:00.000Z,0.708888888888889,18.3385579937304,135.423197492163,904.231974921634,155.172413793103,9.87460815047022,87.4608150470218,530.407523510975,47.962382445141,8.46394984326019,47.962382445141,373.82445141066,107.210031347962
2021-05-16T14:00:00.000Z,0.786666666666667,10.1694915254237,114.406779661017,826.271186440684,128.389830508475,8.89830508474576,78.8135593220339,484.322033898309,50.8474576271186,1.27118644067797,35.593220338983,341.949152542375,77.5423728813559
2021-05-16T15:00:00.000Z,0.753888888888889,19.8968312453942,151.215917464996,924.539425202657,448.34193072955,1.32645541635962,100.810611643331,462.932940309509,180.397936624908,18.5703758290346,50.4053058216654,461.606484893149,267.943994104642
2021-05-16T16:00:00.000Z,0.763333333333333,22.2707423580786,77.2925764192139,567.248908296942,607.860262008732,3.93013100436681,37.9912663755458,275.109170305676,311.790393013099,18.3406113537118,39.3013100436681,292.139737991265,296.069868995632
2021-05-16T17:00:00.000Z,0.767777777777778,10.4196816208394,63.8205499276411,554.848046309697,560.057887120116,2.60492040520984,31.2590448625181,281.331403762663,277.424023154848,7.81476121562952,32.561505065123,273.516642547033,282.633863965268
2021-05-16T18:00:00.000Z,0.129722222222222,15.4175588865096,53.9614561027837,531.905781584583,547.323340471092,7.70877944325482,30.8351177730193,285.224839400428,200.428265524625,7.70877944325482,23.1263383297645,246.680942184154,346.895074946467
2021-05-16T19:00:00.000Z,0.0,0.0,0.0,0.0,0.0,0.0,0.0,0.0,0.0,0.0,0.0,0.0,0.0
2021-05-16T20:00:00.000Z,0.0,0.0,0.0,0.0,0.0,0.0,0.0,0.0,0.0,0.0,0.0,0.0,0.0
2021-05-16T21:00:00.000Z,0.0,0.0,0.0,0.0,0.0,0.0,0.0,0.0,0.0,0.0,0.0,0.0,0.0
2021-05-16T22:00:00.000Z,0.0,0.0,0.0,0.0,0.0,0.0,0.0,0.0,0.0,0.0,0.0,0.0,0.0
2021-05-16T23:00:00.000Z,0.0,0.0,0.0,0.0,0.0,0.0,0.0,0.0,0.0,0.0,0.0,0.0,0.0
2021-05-17T00:00:00.000Z,0.0,0.0,0.0,0.0,0.0,0.0,0.0,0.0,0.0,0.0,0.0,0.0,0.0
2021-05-17T01:00:00.000Z,0.0,0.0,0.0,0.0,0.0,0.0,0.0,0.0,0.0,0.0,0.0,0.0,0.0
2021-05-17T02:00:00.000Z,0.0,0.0,0.0,0.0,0.0,0.0,0.0,0.0,0.0,0.0,0.0,0.0,0.0
2021-05-17T03:00:00.000Z,0.0,0.0,0.0,0.0,0.0,0.0,0.0,0.0,0.0,0.0,0.0,0.0,0.0
2021-05-17T04:00:00.000Z,0.5,4.0,82.0,868.0,500.0,4.0,50.0,618.0,290.0,0.0,32.0,250.0,210.0
2021-05-17T05:00:00.000Z,0.748055555555556,2.67359821760119,157.74229483847,311.474192350538,572.150018566656,2.67359821760119,125.659116227256,245.971036019309,378.31414779057,0.0,32.0831786112143,65.503156331229,193.835870776086
2021-05-17T06:00:00.000Z,0.731111111111111,0.0,61.5501519756839,164.133738601823,517.021276595744,0.0,47.8723404255319,134.042553191489,268.085106382978,0.0,13.677811550152,30.0911854103344,248.936170212765
2021-05-17T07:00:00.000Z,0.754444444444444,7.95287187039764,64.9484536082474,344.624447717232,740.942562592045,5.3019145802651,43.740795287187,255.817378497792,444.0353460972,2.65095729013255,21.2076583210604,88.8070692194403,296.907216494845
2021-05-17T08:00:00.000Z,0.755555555555556,11.9117647058824,95.2941176470588,428.823529411764,907.941176470584,3.97058823529412,59.5588235294117,262.058823529411,494.999999999997,7.94117647058823,35.7352941176471,166.764705882353,412.941176470586
2021-05-17T09:00:00.000Z,0.7725,10.3559870550162,64.7249190938511,510.032362459546,871.197411003234,1.29449838187702,44.0129449838188,274.433656957928,482.847896440128,9.06148867313916,20.7119741100324,235.598705501618,388.349514563106
2021-05-17T10:00:00.000Z,0.418611111111111,2.38885202388852,52.5547445255474,449.104180491041,831.320504313208,0.0,38.2216323822163,236.496350364963,386.994027869941,2.38885202388852,14.3331121433311,212.607830126078,444.326476443267
2021-05-17T11:00:00.000Z,0.0477777777777778,20.9302325581395,41.8604651162791,20.9302325581395,146.511627906977,20.9302325581395,41.8604651162791,20.9302325581395,83.7209302325581,0.0,0.0,0.0,62.7906976744186
2021-05-17T12:00:00.000Z,0.486944444444444,22.5898459783229,131.431831146606,1028.86480319452,431.260695949799,6.16086708499715,61.6086708499715,583.22875071306,143.7535653166,16.4289788933257,69.8231602966344,445.636052481458,287.507130633199
2021-05-17T13:00:00.000Z,0.753055555555556,27.8863887864257,127.480634452232,447.510143858353,346.587974917004,14.6071560309849,78.3474732571007,268.240501659903,146.071560309849,13.2792327554408,49.133161195131,179.26964219845,200.516414607155
2021-05-17T14:00:00.000Z,0.7625,19.672131147541,167.868852459016,716.065573770496,411.803278688526,9.18032786885246,102.295081967213,385.573770491806,188.852459016394,10.4918032786885,65.5737704918032,330.49180327869,222.950819672132
2021-05-17T15:00:00.000Z,0.739444444444444,28.3996994740796,174.455296769346,920.961682945153,463.861758076633,10.8189331329827,109.54169797145,536.889556724267,201.502629601803,17.5807663410969,64.9135987978962,384.072126220886,262.35912847483
2021-05-17T16:00:00.000Z,0.748611111111111,16.0296846011132,100.185528756957,502.26345083488,860.259740259735,4.00742115027829,50.760667903525,235.102040816327,420.779220779218,12.0222634508349,49.4248608534322,267.161410018553,439.480519480517
2021-05-17T17:00:00.000Z,0.770277777777778,41.5434547421565,131.121529029931,393.364587089794,934.727731698529,6.49116480346196,72.7010457987738,116.840966462315,450.486837360263,35.0522899386946,58.4204832311576,276.523620627479,484.240894338266
2021-05-17T18:00:00.000Z,0.413888888888889,38.6577181208054,115.973154362416,360.0,790.067114093957,7.24832214765101,53.1543624161074,91.8120805369128,379.328859060401,31.4093959731544,62.8187919463087,268.187919463087,410.738255033555
2021-05-17T19:00:00.000Z,0.0,0.0,0.0,0.0,0.0,0.0,0.0,0.0,0.0,0.0,0.0,0.0,0.0
2021-05-17T20:00:00.000Z,0.0,0.0,0.0,0.0,0.0,0.0,0.0,0.0,0.0,0.0,0.0,0.0,0.0
2021-05-17T21:00:00.000Z,0.0,0.0,0.0,0.0,0.0,0.0,0.0,0.0,0.0,0.0,0.0,0.0,0.0
2021-05-17T22:00:00.000Z,0.0,0.0,0.0,0.0,0.0,0.0,0.0,0.0,0.0,0.0,0.0,0.0,0.0
2021-05-17T23:00:00.000Z,0.0,0.0,0.0,0.0,0.0,0.0,0.0,0.0,0.0,0.0,0.0,0.0,0.0
2021-05-18T00:00:00.000Z,0.0,0.0,0.0,0.0,0.0,0.0,0.0,0.0,0.0,0.0,0.0,0.0,0.0
2021-05-18T01:00:00.000Z,0.0,0.0,0.0,0.0,0.0,0.0,0.0,0.0,0.0,0.0,0.0,0.0,0.0
2021-05-18T02:00:00.000Z,0.0,0.0,0.0,0.0,0.0,0.0,0.0,0.0,0.0,0.0,0.0,0.0,0.0
2021-05-18T03:00:00.000Z,0.316666666666667,12.6315789473684,53.6842105263158,713.684210526315,116.842105263158,3.15789473684211,41.0526315789474,391.57894736842,72.6315789473684,9.47368421052632,12.6315789473684,322.105263157895,44.2105263157895
2021-05-18T04:00:00.000Z,0.774722222222222,19.3617784152026,167.802079598423,1130.72785944783,243.958408031553,14.1986375044819,148.44030118322,782.215847974186,130.369307995698,5.16314091072069,19.3617784152026,348.512011473645,113.589100035855
2021-05-18T05:00:00.000Z,0.761944444444444,10.4994531534816,174.553408676631,737.586584032083,380.605176813708,5.24972657674079,154.866934013853,578.782355085674,199.489609916151,5.24972657674079,19.686474662778,158.804228946409,181.115566897558
2021-05-18T06:00:00.000Z,0.764444444444444,7.84883720930232,158.28488372093,682.848837209298,371.511627906976,2.61627906976744,132.122093023256,482.70348837209,202.761627906976,5.23255813953488,26.1627906976744,200.145348837209,168.75
2021-05-18T07:00:00.000Z,0.583333333333333,18.8571428571429,168.0,953.142857142858,363.428571428572,5.14285714285714,120.0,577.714285714285,183.428571428572,13.7142857142857,48.0,375.428571428572,180.0
2021-05-18T08:00:00.000Z,0.754444444444444,9.27835051546392,226.656848306333,1110.75110456553,307.511045655376,5.3019145802651,151.104565537555,662.739322533132,157.731958762887,3.97643593519882,75.5522827687776,448.011782032399,149.779086892489
